detection_value,reward,turn,episode,adversarial,functional,actions_taken,malware
0.9475411980326746,3.6300000000000003,1,1,0,1,[section_append],cf2ff04489dc25d7d517d94ab9f798cb3a404086744a7228f2e71133a9e9f099
0.9417691864661846,0.66,2,1,0,0,[section_append; section_add],cf2ff04489dc25d7d517d94ab9f798cb3a404086744a7228f2e71133a9e9f099