detection_value,reward,turn,episode,adversarial,functional,actions_taken,malware
0.9924520396118102,0.33,1,1,0,0,[section_add],b19f65cc0c28b428e956f2c33cf7028b73a585a71f9c5baed3bf370e20f2af1c
0.9179229144455225,3.6300000000000003,1,1,0,1,[imports_append],9b8b51d4532fb47ca6f01b7103cf28423e883e314bd661f97af0f14fc4303590
0.9179229144455225,3.9600000000000004,2,1,0,1,[imports_append; remove_debug],9b8b51d4532fb47ca6f01b7103cf28423e883e314bd661f97af0f14fc4303590
0.9179229144455225,4.29,3,1,0,1,[imports_append; remove_debug; remove_debug],9b8b51d4532fb47ca6f01b7103cf28423e883e314bd661f97af0f14fc4303590
0.962761764608165,4.62,4,1,0,1,[imports_append; remove_debug; remove_debug; section_rename],9b8b51d4532fb47ca6f01b7103cf28423e883e314bd661f97af0f14fc4303590
0.962761764608165,1.6500000000000001,5,1,0,0,[imports_append; remove_debug; remove_debug; section_rename; section_add],9b8b51d4532fb47ca6f01b7103cf28423e883e314bd661f97af0f14fc4303590