detection_value,reward,turn,episode,adversarial,functional,actions_taken,malware
0.9914979487122345,3.6300000000000003,1,1,0,1,[remove_signature],34810c831866dd0959bbfa7eb6f8885c6ab45a9b912f76818b5c1adeb1303e81
0.9931995580633054,0.66,2,1,0,0,[remove_signature; section_add],34810c831866dd0959bbfa7eb6f8885c6ab45a9b912f76818b5c1adeb1303e81