detection_value,reward,turn,episode,adversarial,functional,actions_taken,malware
0.9103279842438908,3.9600000000000004,1,1,0,0,[imports_append],bcc6c1cbb9625e64c989493f31130003cdc63ae347a8b268b5d266a7dc556217
0.8977933073551954,7.92,2,1,1,0,[imports_append; imports_append],bcc6c1cbb9625e64c989493f31130003cdc63ae347a8b268b5d266a7dc556217
0.9869206899665767,3.9600000000000004,1,2,0,0,[remove_signature],51ab78ae064503de5ba20669cafe364fd00185f1785bdcb6361b4136133f3a99
0.9869206899665767,3.696,2,2,0,0,[remove_signature; remove_signature],51ab78ae064503de5ba20669cafe364fd00185f1785bdcb6361b4136133f3a99
0.9869206899665767,4.224,3,2,0,0,[remove_signature; remove_signature; upx_unpack],51ab78ae064503de5ba20669cafe364fd00185f1785bdcb6361b4136133f3a99
0.9869206899665767,2.112,4,2,0,0,[remove_signature; remove_signature; upx_unpack; section_add],51ab78ae064503de5ba20669cafe364fd00185f1785bdcb6361b4136133f3a99