detection_value,reward,turn,episode,adversarial,functional,actions_taken,malware
0.9762266,3.1256735730171203,1,1,0,0,[overlay_append],VirusShare_762f447ab81f9624ce20310a256f79da.exe
0.9754345,3.6299679386615757,1,5,0,0,[section_rename],VirusShare_54a6d762039fd77d11669ca5ee10f56f.exe
0.9985532,3.437749789953232,1,45,0,0,[section_add],VirusShare_c1d7e22dee9d491ae31c05db209ceed2.exe
0.97428775,3.622174476385117,1,50,0,0,[break_optional_header_checksum],VirusShare_4839995ba2009a936e1bd39cba4d7528.exe
0.99860495,3.454647688865662,1,63,0,0,[section_add],VirusShare_c0720c62caf1a0e3daa664c239b9d64b.exe