detection_value,reward,turn,episode,adversarial,functional,actions_taken,malware
0.9868689872134859,3.6300000000000003,1,1,0,1,[imports_append],49add71ebe68560df73b2a2c384b7c1b8d22d9acd540e7e3b3a71449c74e1dbd
0.9868689872134859,3.9600000000000004,2,1,0,1,[imports_append; upx_pack],49add71ebe68560df73b2a2c384b7c1b8d22d9acd540e7e3b3a71449c74e1dbd
0.9868689872134859,4.29,3,1,0,1,[imports_append; upx_pack; remove_signature],49add71ebe68560df73b2a2c384b7c1b8d22d9acd540e7e3b3a71449c74e1dbd
0.984834969826863,4.62,4,1,0,1,[imports_append; upx_pack; remove_signature; imports_append],49add71ebe68560df73b2a2c384b7c1b8d22d9acd540e7e3b3a71449c74e1dbd
0.9708638997118019,1.6500000000000001,5,1,0,0,[imports_append; upx_pack; remove_signature; imports_append; section_add],49add71ebe68560df73b2a2c384b7c1b8d22d9acd540e7e3b3a71449c74e1dbd