detection_value,reward,turn,episode,adversarial,functional,actions_taken,malware
0.8988135991178674,6.930000000000001,1,1,1,1,[upx_pack],033f7815e8b0288bb3472b3a6baf38e07587ff55dcf6561e7e502444b369f52b